layer,n_april,n_may,cross_month_drift_l2,cross_month_drift_cosine,within_mean_dist_april,within_mean_dist_may,drift_to_within_ratio_april,drift_to_within_ratio_may,c5_phrasing
mean_embedding,104,111,0.0670009820397441,0.020954447839460988,0.06307072383384663,0.06172421151879516,1.062315095927095,1.0854894763514662,drift smaller than but comparable to within-month variability
layer_surface,104,109,0.06645609315758726,0.02057444387351337,0.081293876823589,0.08238610610344087,0.8174796891751105,0.8066419970637708,drift smaller than but comparable to within-month variability
layer_mid,104,107,0.06661756026854972,0.02080516308585023,0.08307764022295822,0.08068901108461707,0.8018711182667919,0.8256088328891417,drift smaller than but comparable to within-month variability
layer_residue,104,108,0.06798063378902357,0.02146436632748938,0.0843754549163796,0.08092081199352491,0.8056920564919722,0.8400883791732492,drift smaller than but comparable to within-month variability
