Metric,Autocorr lag 1,Autocorr lag 4,OLS slope,OLS R^2,Trend p
post_rate_est,0.1500672245621287,0.15771151555139779,-1.151377694283174,0.06392993596736858,0.00010958604701550675
H_t,-0.035570531196717284,-0.1070165016815475,-0.00038901396205968724,0.007184983572384612,0.21684693129277868
phi_t,0.7559031973344519,0.5439198266063007,-9.552871359869715e-05,0.42322609002289524,3.880115888145469e-27
D_t,0.43575651608148774,0.15596882125616696,5.9047608102338435e-05,0.03056093462286514,0.010772607075818993
n_total,-0.015688313151986294,-0.022701643239516213,-0.4074435747280903,0.05029699751843037,0.0009539877875909177
d_SM,0.04719339478759444,-0.002992231460327783,4.347329644040171e-05,0.009922466282712558,0.15128633013289663
d_MR,0.07807177821547222,0.034301707830867494,3.6347890267627084e-05,0.006128988472944802,0.2598537681697914
d_SR,0.13839842281628925,0.08332401287035905,0.00010612195352664299,0.0774035786229541,4.3385369271339925e-05
